"Reference","Qty","Value","DNP","Exclude from BOM","Exclude from Board","Footprint","Datasheet"
"B1","1","Switch6","","","","Button_Switch_THT:SW_PUSH_6mm",""
"C1","1","100uF","","","","Capacitor_THT:CP_Radial_D6.3mm_P2.50mm",""
"C2,C3,C4,C5,C6,C7,C9","7","100nF","","","","Capacitor_THT:C_Disc_D3.0mm_W1.6mm_P2.50mm",""
"C8,C11,C12","3","10uF","","","","Capacitor_THT:CP_Radial_D5.0mm_P2.00mm",""
"C10","1","100nF","","","","Capacitor_THT:CP_Radial_D6.3mm_P2.50mm",""
"D1","1","1N5819","","","","Diode_THT:D_DO-41_SOD81_P10.16mm_Horizontal","http://www.vishay.com/docs/88525/1n5817.pdf"
"D2","1","WS2812B","","","","LED_SMD:LED_WS2812B_PLCC4_5.0x5.0mm_P3.2mm","https://cdn-shop.adafruit.com/datasheets/WS2812B.pdf"
"J1","1","Battery Connector","","","","Connector_JST:JST_XH_B2B-XH-A_1x02_P2.50mm_Vertical",""
"J2","1","Solar Connector","","","","Connector_JST:JST_XH_B2B-XH-A_1x02_P2.50mm_Vertical",""
"Q3","1","AO3400","","","","Package_TO_SOT_SMD:SOT-23",""
"Q4,Q5","2","AO3401CI-ES","","","","Package_TO_SOT_SMD:SOT-23",""
"R1,R2,R7","3","100K","","","","Resistor_THT:R_Axial_DIN0207_L6.3mm_D2.5mm_P10.16mm_Horizontal",""
"R3,R4,R5,R6","4","1K","","","","Resistor_THT:R_Axial_DIN0207_L6.3mm_D2.5mm_P10.16mm_Horizontal",""
"R8","1","470ohm","","","","Resistor_THT:R_Axial_DIN0207_L6.3mm_D2.5mm_P10.16mm_Horizontal",""
"R9","1","10K","","","","Resistor_THT:R_Axial_DIN0207_L6.3mm_D2.5mm_P10.16mm_Horizontal",""
"R10,R11","2","4.7K","","","","Resistor_THT:R_Axial_DIN0207_L6.3mm_D2.5mm_P10.16mm_Horizontal",""
"SW1","1","SW_SPST","","","","Connector_PinHeader_2.54mm:PinHeader_1x02_P2.54mm_Vertical",""
"U1","1","ESP32-C3_SUPERMINI_TH","","","","ESP32C3-supermini:MODULE_ESP32-C3_SUPERMINI_TH",""
"U2","1","RYLR998","","","","MyLibrary:RYLR998_Castellated_5P","https://reyax.com/upload/products_download/download_file/RYLR998_EN.pdf"
"U4","1","CN3791_MPPT_Module","","","","CN3791:CN3791_MPPT_Module","https://www.lcsc.com/product-detail/Battery-Management-ICs_ShangHai-Consonance-Elec-CN3791_C154992.html"
"U5","1","MT3608","","","","MT3608:MODULE_MT3608_DC-DC_STEP_UP_CONVERTER_2A_BOOSTER_MODULE",""
"U6","1","INA219","","","","INA219:MODULE_INA219",""
"U7","1","AJ-SR04M","","","","Connector_PinHeader_2.54mm:PinHeader_1x04_P2.54mm_Vertical",""
